Country,City,One,Two,Three,Four,Image URL,Description
USA,New York,https://pixabay.com/get/ge946d8964184205bce875f082880726b9a98701fe61d2fa7f097ea41cefb3678dafa14b6d6cfe5fd53066c41ace8e460fdab2609aaa0b3334b02c5130bb65783_1280.jpg,https://pixabay.com/get/gf3daa437bb4a9d0e2ab54dcb1342943749acede7e747aa2567b0a0fefc5bf2ecbf88a5ef1c87d1f123be33a1ea4a004d46e8d7a7b234feca3b026472766ffd5e_1280.jpg,https://pixabay.com/get/gec72099801cc126a3cba0345a0562e1e430d17ca7a8411523be115570596dbb2f5761f96a14a2b87d02de06ae8a48a98bf348eb11ca663176a3cb65abc048b01_1280.jpg,https://pixabay.com/get/g8395ac1775474f2def433c305a25b3eb2a48d46d90889121c1d1e9523675e736d63cb0916d7e162cbd36af58fc8df224b2b0cd7f24de1875549f7b4ea52e421d_1280.jpg,https://images.pexels.com/photos/1486222/pexels-photo-1486222.jpeg?auto=compress&cs=tinysrgb&w=1260&h=750&dpr=2,"Experience the energy and excitement of world-class shopping, iconic landmarks, and diverse cultural offerings."
France,Paris,https://pixabay.com/get/g386629d496313da05937a8bddb192df955913b0344588c5904d529f9c20aee0995dc24b086fb491a1859fb9ff320a12e925d45cf37514ec657ba44652c544d2f_1280.jpg,https://pixabay.com/get/g89053ad886651dba10b46cd290bc45177af0c442ddfe4bfed5c83754eb7103cb1c403d680ca7fa0c3e5dcc51b445369b4e896770458cdaf699a356d87f7ddf76_1280.jpg,https://pixabay.com/get/g8d3b55d2c845543a4955f6ff30ac54c0868aece6ecacd0cd8ca20fa350082f966b7934d35213a3bd4d09d72c252e520e5b8a4d85c500979d3b6a0ae05c201476_1280.jpg,https://pixabay.com/get/gfe255ce444b7c4a995fcbc476fad4fa3d8bc94fd665ec1838fcf6e295fe43594f53f9f85cbe0dc21c080d7df4946b39453ef72b84970ec72c892de70c81fdcf3_1280.jpg,https://images.pexels.com/photos/2082103/pexels-photo-2082103.jpeg?auto=compress&cs=tinysrgb&w=1260&h=750&dpr=2,Romance and elegance meet timeless art and historic charm.
Japan,Tokyo,https://pixabay.com/get/g164678314502310723c5b86b16e54a61f341e03a41988721d41c7b4646d3ba451a330c7d6c18008880c9689ee237b4c2032501fe34174d07a6b51a4b9930bf6a_1280.jpg,https://pixabay.com/get/g968279586f94410ce7921bda98c26e2e6cda60c00455e0d93b3ca8b6a8d1ff81eaeed84b8b3f9ca23aa619d57b846b4c6d780ba9e33ef6690532c39ef2bacc96_1280.jpg,https://pixabay.com/get/g03bf6ebee4e7e27393924c8c45a6e4670bfefeef92e086ebc361c3f450ad2f3f59255e337606dd2fdc82cc9c0878c263_1280.jpg,https://pixabay.com/get/gbcbc4e343d87c0cf66b9d227ee06a55b6a43cae38c79f622b6e1821b61f75e1c0a78e384a90008a9b1d2e20b541afd8ba339511b55d43b6aa643beb9fbab5605_1280.jpg,https://images.pexels.com/photos/2614818/pexels-photo-2614818.jpeg?auto=compress&cs=tinysrgb&dpr=2&h=650&w=940,Immerse yourself in a vibrant mix of traditional culture and cutting-edge technology in bustling streets and markets.
Italy,Rome,https://pixabay.com/get/gbf907cf6a0abae5ebd4f1a94e03ecef985138c5a3190a8623c345f8b662936498b0d50f01177f7054cda29ee73e5d29657f387bd89101bd4bfd3f59ede21a4d9_1280.jpg,https://pixabay.com/get/g74c1dcc85e8440272545a23624ab3458628f8df00db4db4710df6f040485bba1e307f76bbd5453dd43b3736beb0953430b5b4d4553e7f9e4b5b60470a67c4e72_1280.jpg,https://pixabay.com/get/gae9622ebb7de4519888d044e073a781acda490cace7e6dac099531497fe97fd347aa0b8c85581203d484dd48b553ad0a5fbf518e440890c4db0a58d7a29fdcab_1280.jpg,https://pixabay.com/get/g9912744fcae9972f0d3098339d5c9bd068b513ee9f4949b3d7e75bde0832388353c2ca076431000db4cd87f9d68616d224e773aa84c7735ec8b3288e9a03fc24_1280.jpg,https://images.pexels.com/photos/753639/pexels-photo-753639.jpeg?auto=compress&cs=tinysrgb&dpr=2&h=650&w=940,Walk through history where ancient ruins and Renaissance art create a captivating cultural landscape.
Spain,Barcelona,https://pixabay.com/get/gabcd906d1bbbdf9b3dfca8b3134ecbbe904c0cea7cfbf0841c6cc1dbe83e9462819ca5b37b772c8655449f1e8e54347519be091ed7c6b585da11dd0561c95895_1280.jpg,https://pixabay.com/get/g929caf76a652ef8c538fd87e650ace6d8a17006a248fc33fc8327c509897bc288964ed4f4125f7db35cf1a28da5342529d42e50291159240949a0f9c9077dda1_1280.jpg,https://pixabay.com/get/gc7f6cb5505f806fe9d22a5faeef6912ba2baf2a11d918051fb57124fdb00bbb040f11bf444ed8a64cb2210b0c20ea9bb7ccdbc234fd21c4dcdd9d8e52c6d653d_1280.jpg,https://pixabay.com/get/g063ed8959db0d2e03fd38531796d655f66e44263e3893eb701d4c25f783caa1a6545dd9e2563216fef065cdc370223e234cc54bd90bea6875047c86fe0263847_1280.jpg,https://images.pexels.com/photos/1388030/pexels-photo-1388030.jpeg?auto=compress&cs=tinysrgb&dpr=2&h=650&w=940,"Enjoy an eclectic blend of modernist architecture, vibrant street life, and Mediterranean charm."
Australia,Sydney,https://pixabay.com/get/gf0c67a8a1dbaac61760cc69e8695cb9fe9f69347bf360af26734cf14ff86c17e23dc2c316547d5ba633b5bd78f359a71f83267be84b572b2ed61d62567a81312_1280.jpg,https://pixabay.com/get/ga84099abc5267898a959e8d4b4d9dfe5f6b22ae38a4f3caca0fffc097bb617eeca3f10761c01d0f8b51d01270807fbca924bc6b4648fffff55ff49dc6dce3bca_1280.jpg,https://pixabay.com/get/ged5dfa3b4cec8df6f0097dd753fd4d0d478d1c8071e00c59ee8ba35402731aaa13f0017db85527bdf723580bb0a0db2e465e540a7bf2b6c0049898aebb038c0f_1280.jpg,https://pixabay.com/get/g3d4f5105ff1c85bed600941be08edd802b96e637b0d9ae6fd1ac7d42d3127033b920ce257875f6fb2fc258ba8b4817018a274558f335b2e412450d12df56fafb_1280.jpg,https://images.pexels.com/photos/1878293/pexels-photo-1878293.jpeg?auto=compress&cs=tinysrgb&w=1260&h=750&dpr=2,"Explore stunning beacheses and iconic landmarks, perfect for adventure sports enthusiasts."
Brazil,Rio de Janeiro,https://pixabay.com/get/g0781c2b7248469b1fcdb6448e3b001ec8e2fd9f17da30e3b8cf30676d62e2237133bea50d705648fd382187ffd8aae714ef3ac7f880b73a11a102a24b7ffca38_1280.jpg,https://pixabay.com/get/g24f71359dc2104240031e29f48428916216bb6e605762ba0883f7386ff4af01f52437ebb1f0dc74db8fe77d8864631947a2fe793d44de0b8133d80559ef0afbf_1280.jpg,https://pixabay.com/get/g0f257d5c2486c7d15c866ff5ebafdc6939b00d5c2d1596c42471d21d203ee08106fb6d4c9eae8b329f2b1515113a0425355322fc808add8ebfef34a9a80249e9_1280.jpg,https://pixabay.com/get/gc9318697c63ff0726bba0a95c328f9400629c0f724e168533152c692445f37db4f22176186c3ab6707fe8cfe3c566b785a85d217149aa85a59d2d268dbba3d50_1280.jpg,https://images.pexels.com/photos/351283/pexels-photo-351283.jpeg?auto=compress&cs=tinysrgb&dpr=2&h=650&w=940,"Feel the lively atmosphere of carnival, beacheses, and adventure sports."
Canada,Toronto,https://pixabay.com/get/g1872a8f3572e04b83309d5f2d1605a69e92e4975b40fd5e733066c7f1606beb7b28a5c44e4c17e1d5ebdab6e99c7315dfb8c42cbb47ad8b3f6760d78a2506b4d_1280.jpg,https://images.pexels.com/photos/2773226/pexels-photo-2773226.jpeg?auto=compress&cs=tinysrgb&w=1260&h=750&dpr=2,https://images.pexels.com/photos/1750754/pexels-photo-1750754.jpeg?auto=compress&cs=tinysrgb&w=1260&h=750&dpr=2,https://images.pexels.com/photos/1105666/pexels-photo-1105666.jpeg?auto=compress&cs=tinysrgb&w=1260&h=750&dpr=2,https://images.pexels.com/photos/1519088/pexels-photo-1519088.jpeg?auto=compress&cs=tinysrgb&dpr=2&h=650&w=940,Discover a rich cultural tapestry and nearby natural wonders with diverse wildlife experiences.
China,Beijing,https://pixabay.com/get/g2b0b68d481de5b9e7672e39dcde393aab49d81ee34312c4cb5996911ae0ee0c492a2809d4385993d0fae675724ec2f1242f3aeb457a41c6faaa90f376dd9b92f_1280.jpg,https://pixabay.com/get/g6e4637192ff90088f0b863083964a77afd651af156b687d23bcadf910f13d22d072494fc261d7eafc81d66b0834c85b520299e1d4b1ce7879147709a224ee12d_1280.jpg,https://pixabay.com/get/g108b17de08797450a364b4eb253b08257424e88076fc4209e09cf84a87b4b6483ee922e2f67f3b4f6fd863f63a9902ec2429d7abb71a1d1add079afeeee79890_1280.jpg,https://pixabay.com/get/g0aab12bc15792cc44fcd35dcf1c0012a15e00fabdf8415de94f548c5c2a29474d51e8c19f668f60078c6129f8dc2277d662eb801de2d8527709e85d834aa9fed_1280.jpg,https://images.pexels.com/photos/1434580/pexels-photo-1434580.jpeg?auto=compress&cs=tinysrgb&dpr=2&h=650&w=940,"Where ancient traditions meet modern marvels, providing a deep dive into cultural heritage."
Germany,Berlin,https://pixabay.com/get/g45c3f0ff04788b085854381e0466c2ba7961cefa8d4d803423c88a3ab32b1bb8965bc5215a8981be46a12481f18a56324cd2ca75ce128b4e91fbf9e08f89c275_1280.jpg,https://pixabay.com/get/gef2a20f769bbbab8d18cfb7319d06781b577a48ffe24f7821e018a551a96cd1fc96b782bc63ecbc424d4457018c528e2968fb5ec12250b867745cd2762360b2b_1280.jpg,https://pixabay.com/get/g0d786fa70ff8ef33f47dcf33940f55aa0d6bbe458b2973791cd9bb2859b4499bcb5c1bf48cb32b036bf99da4036d97cd62bec117873de21ce2be759b3035a16d_1280.jpg,https://pixabay.com/get/geb0cefb186023170cfee095b0766d830f1a3468b4f4686e9bda267f79b0e032f0ceecf1053e1d53bea7e5ab9b2a00610a0dd3838728a84b1684c583d474645a9_1280.jpg,https://images.pexels.com/photos/1128408/pexels-photo-1128408.jpeg?auto=compress&cs=tinysrgb&dpr=2&h=650&w=940,Explore a vibrant art scene and historic sites along with excellent shopping districts.
India,Delhi,https://pixabay.com/get/g266dcc5f2602d17db617863337a2be8377eb5f7bb0175143453968828df622ca990e6c69ca6d42741ebfb989df7e0d19287b007947b491b95187b5f321e099e5_1280.jpg,https://pixabay.com/get/g5c4193da5b9c4070979205541e9a62a8d89b5032a91e1785ff9118a3bd1874bc7e9c55a4051df3e75049ef612136fdcab70fc30e1ef12c41b26f25183fb5fa4d_1280.jpg,https://pixabay.com/get/g3d17b5175e351a4c8170855a173700638dff97f221b115231496db7cea70dd436b77766e89ab5d3ac6b846866d94dda38ac3d007c3139d4382c377fee545b106_1280.jpg,https://pixabay.com/get/g389f0de6a8081f1f5523716c47f2be5af627f66da98a7b8bc3617e0c1edc56eb68367f3dfc7fe2204b6111b8d31f5e04806804744d9688654967b9db305567f5_1280.jpg,https://images.pexels.com/photos/1542620/pexels-photo-1542620.jpeg?auto=compress&cs=tinysrgb&dpr=2&h=650&w=940,A cities of contrasts offering a rich tapestry of cultural experiences and historical landmarks.
Mexico,Cancun,https://pixabay.com/get/g8f3e4fbb607c599251c87900cb4b0bccf211bc6eba66393e6a090771ced352954a3d6480b16d7cdb18a934f4d88336fb49909b5811c884b3485042f5b76d1288_1280.jpg,https://pixabay.com/get/g6f1b69f52f37709335ac9858a2dd2789df699b4837645b272a210501558cca302afe94ca9d53073281ed2953babc587e2015cc9ced05e00071c651724809a214_1280.jpg,https://pixabay.com/get/gc6bd3829cd27295dcf8f913cce0b4fa4dd999ae7c1b2b08ae6faac91ac050f428833297dfb83fd7e3d59cc9df5e43929bfe0c9e9bab4ea755920ec44a6be756b_1280.jpg,https://pixabay.com/get/g1ab3a56cb43e130c317d4d424b0fef2dc56b48ae11f7ed87286aa2a975a6e7dfcf1b26a02baa0c8f6b4d40c93b00f38b9c17288c2522c55be750e5e20078bd30_1280.jpg,https://images.pexels.com/photos/20210508/pexels-photo-20210508/free-photo-of-hotels-and-resorts-on-sea-coast-in-cancun.jpeg?auto=compress&cs=tinysrgb&w=1260&h=750&dpr=2,Relax in a tropical paradise known for beautiful beacheses and wellness resorts.
Russia,Moscow,https://pixabay.com/get/g3619578ab0c806ba9bae2cd1b98552a4b11d9f022a7ce215c6e74719d16956c5b7a1eb81037d7a0a9479142d28044d1b403dd7c1df80870c2da48ae9e2e50bbf_1280.jpg,https://pixabay.com/get/g17a2f5651412b1194fa7482801fb6f20b23695f36cddadbff5c033d8c174005590a94889092e345c558d92c5b6b024650a5216ae77241db5cb13daa2ba7b42c9_1280.jpg,https://pixabay.com/get/g433f8fbc3bb7c33e6f8574372650a68c3bc3244a4c065949fc372e57f44f7f79854c12388cb8f05e36cb4b6252120af1deaabb8d4a4e9580a2e00df0d53a0fe4_1280.jpg,https://pixabay.com/get/gb77a52e327d6be32ba1b2438b6a6278c0c976da3a9755528e2284d3be6ad7661dfd640c116d426b17b50df724990ec1197fae45ffa8ece7f3c674b27981c1c88_1280.jpg,https://images.pexels.com/photos/236294/pexels-photo-236294.jpeg?auto=compress&cs=tinysrgb&dpr=2&h=650&w=940,Grand architecture and historical significance offering a rich cultural experience.
Thailand,Bangkok,https://pixabay.com/get/gcb7f8007d73d14efd408651574749de557dd93da08fa8c532a8b54c80475bdca7e32ee42432a00b80aa6affdc64285df95041cf80fa154a53bad1e42050f463d_1280.jpg,https://pixabay.com/get/g172c46f7461c07c3bb79bf944353f9e639b3d02e129f211efc987156d9b2ef0881a708405d56899161fc0243258ae131_1280.jpg,https://pixabay.com/get/gc34e5fd65b3fe77b59cad5863b429767dca7a63f9eb784001b5174a435f0664199706bc0144797ee3b9bc54a0da1880a331d9bc8b8fd5d515c538e207a944d19_1280.jpg,https://pixabay.com/get/g7d93f48624ac080789ab9618d1b0a7b02e0e551c4b23fa6ee4f497b698eef6db4b5ec52b9f15c12300d5754e46ef22f7453ac828588a08f15fc06398cbdcd1c6_1280.jpg,https://images.pexels.com/photos/1031659/pexels-photo-1031659.jpeg?auto=compress&cs=tinysrgb&w=1260&h=750&dpr=2,A cities of contrasts where bustling markets and serene temples offer a unique blend of relaxation and adventure.
United Kingdom,London,https://pixabay.com/get/g54effd19bcfb084d55a19b337125a07039683b780923f66f5f28690ed537acc275ef5ea7ca422c696a837b5f3d10fc456bf1d805ee0374365c1f4d8c349833ed_1280.jpg,https://pixabay.com/get/g8dbc4fc9be54b752b254bc3b13c1aa22a760c54df5e7df6c2bde02bb6a7cadf8e1d387ca9720ca639775488018c4c2d8c69008bfab9e529bbaee570bb89ff59c_1280.jpg,https://pixabay.com/get/g0f578c74919f3b16a6a7ae98a24189049e99d9df5884351958bf6f901cc83718033eba0eb6e44645ebf2aefb2e2e203e5156943a25d544fcf060acea8efb0991_1280.jpg,https://pixabay.com/get/gcf9bf367d301b7cb15e695580ee005a02af118e509c032948c20290179fe917f3a1e0d07daef77d0c642b9f465a7a7278682b99f1f4a58eff1d46e79653005f5_1280.jpg,https://images.pexels.com/photos/460672/pexels-photo-460672.jpeg?auto=compress&cs=tinysrgb&dpr=2&h=650&w=940,"Global metropolis offering unparalleled shopping, theatre, and cultural landmarks."
Turkey,Istanbul,https://pixabay.com/get/g3178e9728e4a9429b923fd3b827a021f89c8dd634ee390f7feb084a5219f82a091899e87ab384853aa254de4954cdc6be5b333dff2da2fd52b1e878c937a4940_1280.jpg,https://pixabay.com/get/gab26fc473520b34b8551775196803f089597277f6d179bbb9b54ebe2ae883a7c2af89fdd805b72fddcb02e1d359c440b8b1ace76699b45c68d14c79db3a4d2e9_1280.jpg,https://pixabay.com/get/g093d411b97b545002921344ce63d0de954a90e9361893f2886581d502fadc5f813deb96c624460ac152665ec100b371e44dac5eac73992687ca3148f91765c7d_1280.jpg,https://pixabay.com/get/gdd9e4e0ec2c92d71c0954d74450025da199b4b61aa071ee682d3a14ae110bf6f4386de3e3f7f4c5f9ee30feacf8b414e8ecfe7b86e1f8b6440975e0414c37c8b_1280.jpg,https://images.pexels.com/photos/1549326/pexels-photo-1549326.jpeg?auto=compress&cs=tinysrgb&dpr=2&h=650&w=940,"Where East meets West, providing a rich cultural experience with historical sitess and vibrant markets."
Egypt,Cairo,https://pixabay.com/get/g427ff7102b88790dad1a04ac031050d0a17d93828d69530126b90322a876a62184a9ae1d6fb6b21488edb6f292bdaed60ef93989e25dbef863adc025e79b527e_1280.jpg,https://pixabay.com/get/g8fcb19968139ef966368803bd8282fd237e048bfe4db1446eeb6cdd1a2652b6b63a3bd7143e8644c46ef736fad7a561e8dae1bbdf3c6f89f48cfdba1176b8c47_1280.jpg,https://pixabay.com/get/g8db51cc02395087ead120f02112038be001fa4e07249223d829381fc58811295f4915e45e7286d78e2b8c2c440bca412f26168a4ee7758d8220d8efe0e638136_1280.jpg,https://pixabay.com/get/g455a0860b8de1aa8abeb8f95afe2a1a8629c9b72b51f598adcca04e9a95f373953946c90f2cbddf6c0cc21aa4341c6f945e81a01db551a8d85530af75ab47260_1280.jpg,https://images.pexels.com/photos/3290075/pexels-photo-3290075.jpeg?auto=compress&cs=tinysrgb&dpr=2&h=650&w=940,"Home to ancient wonders and bustling bazaars, offering a deep dive into rich cultural heritage."
Netherlands,Amsterdam,https://pixabay.com/get/g5384799d96619a3df3da97a56e0ec99379d89ce535a070aabf52b28282de3ad724e46e35623b07782c3921d132795b3ecb8df1c0a81d31dd8c01e11ea4bbb4f2_1280.jpg,https://pixabay.com/get/g0283e370d90cd37166a0ed796f9705f33cbabac1e20549a077c09a2fbb2754857b0cc8253985f1d7a41fd7eb89534895385e985290413a150e15383b0cd3c792_1280.jpg,https://pixabay.com/get/g30fe9e3fc03abc7695036e627ca406d070b2ce0f66765dc064a39948ed21b78f50d1c2d2a6caa6a36f5bb1b5be1ed01b4ad51afb536beab777f73f71c6e8cb46_1280.jpg,https://pixabay.com/get/g595063e60ace273f5f039eb7261dce48c625660e54546d4d23f1fc73aee0ed74e7bcf52f4d88bb526486a589b14d2e8c825b8df6a78f82e334ba80b4921ad202_1280.jpg,https://images.pexels.com/photos/1414467/pexels-photo-1414467.jpeg?auto=compress&cs=tinysrgb&dpr=2&h=650&w=940,Picturesque canals and world-class museums offer a unique cultural experience.
Greece,Athens,https://pixabay.com/get/g35a7cf5d6c4599b93bf0c3a8436839795147401402759d7a8897d7edc825423525da32612594a12ca20a9f051edc633bb025d12c0f9289b07632728a8fd86ef4_1280.jpg,https://pixabay.com/get/g96872645845779f02a13cecca6226b0f6dd795614bd060870706b5f5d803f328bae8787304f97db5cc2d3321a15f640e911d808d97313791e78618ff7908df8e_1280.jpg,https://pixabay.com/get/g25dc3925b59b0ca2c9e91a248436762ed273622681bea18ff61cb69c7f9f2c2d937ad47ee680c88c7b99e9c9719fb4f2761108f9ba1913caa34e7131acfa2d3d_1280.jpg,https://pixabay.com/get/gdfaaf5cabcf1bf099b3ef08cf454c246b7919248612fb55f92c2198cb28c019999bfc3ab22f39298785fabf1aa239aa3e1c90f55b4bf25015a85b445260fa888_1280.jpg,https://images.pexels.com/photos/951539/pexels-photo-951539.jpeg?auto=compress&cs=tinysrgb&dpr=2&h=650&w=940,The cradle of Western civilization provides an immersive cultural experience through ancient ruins and vibrant street life.
South Africa,Cape Town,https://pixabay.com/get/g67ece9542c35968261c4650d2da4c236379fd0af42f1b9621284a8dd2bb409cadeb4fb6a89439cfdb27bd4c59cc4ea72fe0b213e1897e823e5fddc5b403a61e6_1280.jpg,https://pixabay.com/get/gdc0a9f78eaaa7121668b79eae2940383416d2a93298ace93b99aba2ecebf3e9e8d37db0428b0d97780dfbdfc085b849f8baf0d4567731d173e5bd27e5cea63af_1280.jpg,https://pixabay.com/get/gb06155470efa623db62a3b8a87fdc8710011c27a126b7af9f44bdb942af50e05198755f63da654a63f6da2152462b9a12d6f510f3db0d402fb55d126d58c54c8_1280.jpg,https://pixabay.com/get/g90d4b23e5c7f27b2aeaf57ccc822577a1785c67233f8486e0a3d6a5831d7d8d4610f6712a6c6efd7a22c77976957ae191a625fc3a4b951508e302ec81fd3ce9e_1280.jpg,https://images.pexels.com/photos/259447/pexels-photo-259447.jpeg?auto=compress&cs=tinysrgb&dpr=2&h=650&w=940,Stunning natural beauty offering diverse wildlife experiences and scenic landscapes.
Argentina,Buenos Aires,https://pixabay.com/get/g5750014d38b134b98ba1b744f2c74671c966b2a4f1f06beba4f192c02fb1bb403a90b2d879c277a83b10adc23824c132e9bef0fe25c89f777f732f01f284f8c4_1280.jpg,https://pixabay.com/get/gb81c2d0c41ec7bcbcc4d036cbefa3906ba80302765d38350a65245054a35518fc20699a46440729f430d41128fa615b02ebed6a41c3435affd569adf66d25c0e_1280.jpg,https://pixabay.com/get/g2cb2f56bd0ac353217cca4c0ea9255f0c11578be5e2a42c43af4d44ec26a142fa2f7a43abb6f4ad8e98dab2359bb3e836e9e6ffbeb84ecac289a9325b183610d_1280.jpg,https://pixabay.com/get/g10bd4a13224284024aecb8e6a239287d27611ac86ce7892bb26cdea93057461fe71a520fdfb8ccac02cdeb971f95c0d243fe14da0fce257ef5ed08cc04c650b5_1280.jpg,https://images.pexels.com/photos/1060803/pexels-photo-1060803.jpeg?auto=compress&cs=tinysrgb&dpr=2&h=650&w=940,Renowned for tango culture and vibrant food scene.
Switzerland,Zurich,https://pixabay.com/get/geaf5cce5633c85d4fbbabc44f5a9d07b72efbadc1d2622f56878bbda4a9273a325b50ee6d33a5c52cd154273d2b79f352883aa3c6c291095ca30b81b67632310_1280.jpg,https://pixabay.com/get/gd2182af1f9379afc180a23bbe57f136824b5edbe7fbd37bf5fd079e0c51df6b14d7d5d571054fad4dfce675bbc9ef6f9eb011eaf1c29b2ff0135033bb5f6b5b2_1280.jpg,https://pixabay.com/get/g5383ef8cdce3b11bb025439509f6b37f982d229a6464663be9742a466940e1d447b89f297fcb1b7875f89ce7594e459b2a49b0964ae054dec53287e082740ddd_1280.jpg,https://pixabay.com/get/g264d6781e1873fff19b2668a5e9d95771c0cdda6947dc7192d478f6770d587eba86301507d5224c387fcd3db343402f7191550d287e5e8ce1974522079d17f92_1280.jpg,https://images.pexels.com/photos/417378/pexels-photo-417378.jpeg?auto=compress&cs=tinysrgb&dpr=2&h=650&w=940,Picturesque cities known for wellness and relaxation opportunities amidst stunning alpine scenery.
Indonesia,Bali,https://pixabay.com/get/g4e632371c8301bac1ce81cd480ddbe48247b784b3275be903ecf901c4fbcdbd65c53edd5c58c96d0fa57ef2bd0200d3ec8afba6e44723534f27090c60218b705_1280.jpg,https://pixabay.com/get/gefe6645fb204b12f886778eff425f34a95c392c413afc8e5e76c281fb4af9c16880441381bf48caba05235d1daf0705b8f947883596c92732cafde4e2dbdc55d_1280.jpg,https://pixabay.com/get/g32888d5bcb1d0889b9bbe71f3c866336bd6a858b88c8699accacf91eb2454d28d407959251057489a3dedee48d9d19674e060d24dfa46036bcdb2b0ba9042330_1280.jpg,https://pixabay.com/get/gbc4e7534df446cc35af494e37a4c0cb9866d717be1d3d44c4af938e570bea6c891a1ff5d624c252941f9a09654462db34b1279a215cc5b64fd94d785d6882edb_1280.jpg,https://images.pexels.com/photos/2166559/pexels-photo-2166559.jpeg?auto=compress&cs=tinysrgb&dpr=2&h=650&w=940,"Tropical paradise offering serene beacheses, lush landscapes, and rich cultural heritage."
Malaysia,Kuala Lumpur,https://pixabay.com/get/gd4afe4115e76224f47c33761507eb4921991c6f23a7429d2020bf30708ed90059a2a10e280121b44e01c46c455caa1b4ca9f92439a5a829b4ebba0c497f04d84_1280.jpg,https://pixabay.com/get/g6aaba216e4075b98f8bc395a14909486e0efc078fdc03d8fb68025e6e81a36206fbdd438259ae559cbec63798259b4df9780f54dda0476c9c253d5379819d391_1280.jpg,https://pixabay.com/get/g21f216fb7432736e938c877e666bd9e7492832dc3f38c48d229fb5f1578caa6e75a87a30531f77705b1dc90c35e86d58eb4063ed68659b2a9959998a23b6cb64_1280.jpg,https://pixabay.com/get/gf6c51dda6dd148dba36fd3628d32dcaefa6535b78da3ead090c01b349dd692571e27fc0d849cf2b8aac04a27d978ec3b30a2e02a4b02cab6a11c97c661fe8465_1280.jpg,https://images.pexels.com/photos/22804/pexels-photo.jpg?auto=compress&cs=tinysrgb&dpr=2&h=650&w=940,Bustling metropolis offering a mix of cultural experiences and modern attractions.
Vietnam,Hanoi,https://pixabay.com/get/g7bfb95548f1108809f724e14ce515b8ad7f8ff9b29461ec4bb68927d585cfa779c506bb6922ceb50352c135b504230fb9a090b292da7f770d481dfbd3fab6be4_1280.jpg,https://pixabay.com/get/g9daf09d1217cdabaf9b005a9f602bbe723d3a1297ea93d0a5e9179867dbbe77496b194dba81f3587d84b542a8201f5c4_1280.jpg,https://pixabay.com/get/g19db9f1426525872464badd7b4177751c2738b7aeb859c9f42d9063f49e7ef1b120bec2d1dc5b6e75f3986df3e4bad26c17305cbc51ea8cef6dba5188c54e1c0_1280.jpg,https://pixabay.com/get/g4fa08598f33bf6965d75b7a5550de11f382ac423feba45be797a045c5599f512a8e593e3d6de8e9960e6433849647360281ac8f0ce2b34ba375d4e2c7a98cd68_1280.jpg,https://images.pexels.com/photos/1483778/pexels-photo-1483778.jpeg?auto=compress&cs=tinysrgb&dpr=2&h=650&w=940,Rich culinary traditions offering vibrant street food and a lively dining scene.
South Korea,Seoul,https://pixabay.com/get/geca7c6acbb118716dbffc659c80047880331cf1e82e86abf72d8b5f3bd524f678902f1050bfb59bd49f303d3f0e9399e601952efc99474eb8053c90c3daaab85_1280.jpg,https://pixabay.com/get/g79c0f216815aebb78daa63c6a0587183cf672a43b12cbdb9a26df8ab4587788aa348a2fd5b2eaa4684e03a02346d155538eaa8fae34002c5982691cf33856e9d_1280.jpg,https://pixabay.com/get/g609593b6f1ef9f05a90fbf0de3549d1eac5ec5f97700cb5468e37ca54a250eadb59fcc17b27c6286270af0735c16a871975b1d50fe88a78caa508ca810101ae3_1280.jpg,https://pixabay.com/get/g1b9aa1df4c143508980c31d4e0db4b878c32ef10bae56914ca2fa911ea9e34f9feffb3a7e983def8e73ddae2e123b14648d1d7ae05de3433a109f94288e76dbc_1280.jpg,https://images.pexels.com/photos/237211/pexels-photo-237211.jpeg?auto=compress&cs=tinysrgb&dpr=2&h=650&w=940,Dynamic cities blending ancient palaces with modern shopping and cultural districts.
Singapore,Singapore,https://pixabay.com/get/g7ed412070bfc1ed681a3bc3c225ec0f6dd0aa9ff98a7224399ac513e2e6120f1bf805b24935ae8823e2f34859cd71c3f9edf27035b7b785d1faad0c233e637f9_1280.jpg,https://pixabay.com/get/g8fc78d6e9c18f1a9e6048b5c9e052ebfd0661ff52bb6e13aeeb9ca4ab584c76aa731c20fff2d1f375436ebc8374c8621d6ba4b701a79902ee3937d5a82fe4236_1280.jpg,https://pixabay.com/get/ga591375784e65a6154b95b8453db4cfb1614fff202b4cd04c5f1ceabc8cabe3553d03436dda8094978a7e052f1437e7a4250cf6598f76af814bc6c44f5eb785a_1280.jpg,https://pixabay.com/get/gefc0ab6d293ebe7fdc275534b6481a7b92ab3204c878637428220cc1137789ea9cc5807171dd587caf5d1f6bb4b2f15fd9a11e435b5cf0f0fc10e19403eea842_1280.jpg,https://images.pexels.com/photos/777059/pexels-photo-777059.jpeg?auto=compress&cs=tinysrgb&dpr=2&h=650&w=940,"Known for clean streets, vibrant shopping districts, and cultural diversity."
Portugal,Lisbon,https://pixabay.com/get/g735d3019b9c5c609b27549e8519a845f1c663b321c96eac4ea7c89dcdbfd332cf7085afaf56fa683fa9e5802802800f1b077191d661ecc8afa68330082acdf4d_1280.jpg,https://pixabay.com/get/g5a1a8d929bf8167f6074c851323642121e642e62ef2c334b49d028581df595e7354ec1be8d00fdaa6a7b72d152b01a55e145d6a980a436771b41a29ed5ef5971_1280.jpg,https://pixabay.com/get/gd42ac35274f5d409385a12180d48cd32f9f5f05749b8c2f1ef7ec5cbc436bf65444e0a7f7cbaffcd767a1e0f35c3262ae14c37a413fc2ca79b7ee909a69e53e2_1280.jpg,https://pixabay.com/get/g727f398f6b75778ecc54b10d7d305281d7f21314eb5733a510e3964a16e8bb7e19dbf0f73eae3c06e2b00bd95a9f7b8756eb6cdda2998118818dcf2b4399ee52_1280.jpg,https://images.pexels.com/photos/2867883/pexels-photo-2867883.jpeg?auto=compress&cs=tinysrgb&w=1260&h=750&dpr=2,Scenic beauty and rich history offering excellent shopping and cultural experiences.
Sweden,Stockholm,https://pixabay.com/get/gdb96d3264967d168ff8bab4a1744c6a5de4dd8c148c8c6ff4f118e17e04fd51575e55391b2b0d3864ac7f40dcacf5a5d4ece711e33fb8ad710360054687951af_1280.jpg,https://pixabay.com/get/g0c90cf469319aae49b00702c17dca22aa5b8bd55c84f79b0e5996683398fa327aab4ba340382d873eda0ef6d857f1d7ce27565b7918d9cfe94d5edffca49405f_1280.jpg,https://pixabay.com/get/g3f76b43559fa32cf9297c15d5cf4c14b9b53a912c09b665c732edec7045d54c25a8385843986bde3cb121b094fe7134f9e0e1fffc1e3d9a7024e3d190b9b5435_1280.jpg,https://pixabay.com/get/g17cef83bf365db8c41aa396d236840069f7dff62d763014aaf79ab64bfa2066f4cd11cbbfd61f6dec1cbc77b178f536767a883138c6f4b4a9c0df1d7161fc50d_1280.jpg,https://images.pexels.com/photos/1529040/pexels-photo-1529040.jpeg?auto=compress&cs=tinysrgb&dpr=2&h=650&w=940,"Known for stunning archipelago and innovative design, offering a unique shopping experience."
Norway,Oslo,https://pixabay.com/get/gd5834334582fff0291b38c3638e25b2db80b6e4ab72e31bc00183e4839b4ac8503f4ee472e7285e05dbc67a1f1fc89c3e38907eb35227afdfe3c4c450113bdfa_1280.jpg,https://pixabay.com/get/geaf3d38485c771ca6301f5f2efe90aebac8dbee5452581d7a83eb6359f6f81be12c78f0201d5a93ab91a8c426d580b3c7e774200ff47a1e3e0efd3db74008c8a_1280.jpg,https://pixabay.com/get/g9430e3709dcfaafde9e4d07e4be51b5ecf4ed494b824eb5737b87485b2995afefb3d6f7c7938bac7fb99ed7f338d1a79b94806306656769c8a6beb0d5524f430_1280.jpg,https://pixabay.com/get/gfedb1954e49392969491dad249c8b84bf929716b433a4aa85d0a0ee9cf48c0eae26915bbd92779694b26c0a70f6b9d471493837bbccb3ab9d5d18ff79fa00539_1280.jpg,https://images.pexels.com/photos/19389145/pexels-photo-19389145/free-photo-of-view-of-the-havnelageret-building-in-oslo-norway.jpeg?auto=compress&cs=tinysrgb&w=1260&h=750&dpr=2,"Surrounded by fjords and forests, offering a blend of natural beauty and urban sophistication."
Denmark,Copenhagen,https://pixabay.com/get/g1453336226af9973866b2232ab169c5e2e97bb64d114d8a97669df8dae408a9b2a1e15bc0eec4f49879dd96eb496bcd75fd1a95bdde05024d20e35a91b8177cf_1280.jpg,https://pixabay.com/get/g8a9aab0727e03a054a948bd1673a7f9c04d5dbbcea108795b5b69b5921f7d660c1c8e04727abb570100367e33d69a9b55b58c0815653b9e6a1aa3f0106fddfe1_1280.jpg,https://pixabay.com/get/g8a92d994102523360221a19255f4ad7d9bb504f6d100b492a888d4684ac47dbf22a3c034f82f96d118680028a8eeac28c6f69d9c61c11f7ea513377341658ab3_1280.jpg,https://pixabay.com/get/gf0079a49f20d433ca4f7c716f853786fd56594adf66b4153516d93d7126c151d0a4b74f1f5f78d1ad0b375d944e1c0b3cd0db8e5f636485bf0fa002d4bbcb3ad_1280.jpg,https://images.pexels.com/photos/416024/pexels-photo-416024.jpeg?auto=compress&cs=tinysrgb&dpr=2&h=650&w=940,"Fairy tales and charming canals, historic architecture, and excellent shopping."
New Zealand,Auckland,https://pixabay.com/get/g81fb73909df51cf8bb0d310da2c83953d97d8fa82e4fcb1ddc944216d21fff6cc8baa7a673038f85c5446ef2fd78d6ad8f9e68f4cfc9cb69bf858c0303d71cea_1280.jpg,https://pixabay.com/get/gd0a1b44dc3f17da22b81206369634bc135cf9b4268907e06eebaac4ba92ff485c7ecbf12ba049f7f604b2300a286150d_1280.jpg,https://pixabay.com/get/g4718a2ebb3fbfebfab488448d2e856433b3f9e75807b25cdd7ff03b6289b3f65b81aa74dc1ef33d12076fddc3f08df861a151499c57fecd9e3d7765160ad639e_1280.jpg,https://pixabay.com/get/g42c63e59c7f3d2f0e857264970e88dd948c41640efda6c99f1ebc32099a5141ce40456afaf13d322d65261f5c357da122077ae6ea9473cb08571b32ba43b7ab3_1280.jpg,https://images.pexels.com/photos/24827278/pexels-photo-24827278/free-photo-of-sky-tower-in-auckland-central-business-district.jpeg?auto=compress&cs=tinysrgb&w=1260&h=750&dpr=2,Gateway to natural wonders offering thrilling adventure sports and scenic landscapes.
Peru,Lima,https://pixabay.com/get/g0106fbe9b1d20161205b62d4ffc84ce289579e92ac736b26785a64c562e770891f2cf38b11f1f7b9f63f5e1d006f65043a95629c9f63b8707e6c6ce1781cae0b_1280.jpg,https://pixabay.com/get/gad31952bdcfe582370669aa62ede31a05e04f047b255871511b6f65f293dac6b96bffb48850cc921ae8de0b4deaf7d33af19fadbe132020b463475e7e25102d0_1280.jpg,https://pixabay.com/get/gf37fee14eb9d230c3c96ffd60de090c0cd4b48338cece16614d9d35239dcd7e02ef0d8be3375c980f959a9bb9dc076f6b62b320107025518c08a2d2d92cca7d4_1280.jpg,https://pixabay.com/get/ge89a202b53cf74ae692369cfa0c424fdbb0baa4e46107322116bdd120bc9ee6019b0ebcddef6b41530257a15daa3aa176465f7972b2020036c9ab95f284d8214_1280.jpg,https://images.pexels.com/photos/259967/pexels-photo-259967.jpeg?auto=compress&cs=tinysrgb&w=1260&h=750&dpr=2,cities of history and gastronomy offering a unique blend of cultural experiences and adventure sports.
Chile,Santiago,https://images.pexels.com/photos/2475407/pexels-photo-2475407.jpeg?auto=compress&cs=tinysrgb&dpr=2&h=650&w=940,https://images.pexels.com/photos/161887/santiago-calatrava-architecture-design-building-161887.jpeg?auto=compress&cs=tinysrgb&dpr=2&h=650&w=940,https://pixabay.com/get/g4764264d04a7d1503b7929b4c9976411e48fc163d4c7485c22ffdcabfcbdaf6eb2c5d96a00d742b5efd6f29ca5256468ed360776a0f92331a2e08192409a438d_1280.jpg,https://images.pexels.com/photos/11664254/pexels-photo-11664254.jpeg?auto=compress&cs=tinysrgb&w=1260&h=750&dpr=2,https://images.pexels.com/photos/3874262/pexels-photo-3874262.jpeg?auto=compress&cs=tinysrgb&w=1260&h=750&dpr=2,"Nestled between the Andes and the Pacific, offering stunning landscapes and outdoor adventure activities."
Colombia,Bogota,https://images.pexels.com/photos/25098370/pexels-photo-25098370.jpeg?auto=compress&cs=tinysrgb&dpr=2&h=650&w=940,https://images.pexels.com/photos/8264573/pexels-photo-8264573.jpeg?auto=compress&cs=tinysrgb&dpr=2&h=650&w=940,https://pixabay.com/get/g88944642d38caf636ac3a265fdf1569b6676605cd605abd05a8325e6f5ff607ae80e61f9f6be586f4b63d1c3eb1cf1b4c3af164c183d4062ae91e0a67647dd15_1280.jpg,https://pixabay.com/get/gf1bb69c9f5a4aad43fd576bbd877d85e849057adc399e72a6ebdf474a829156674da697fe7f9075dbce34b498309d83fd19f7988f6f3ff3b93e91d614d8c1b8f_1280.jpg,https://images.pexels.com/photos/8264590/pexels-photo-8264590.jpeg?auto=compress&cs=tinysrgb&w=1260&h=750&dpr=2,Rich in culture and history offering diverse wildlife and nature experiences.
United Arab Emirates,Dubai,https://images.pexels.com/photos/2044434/pexels-photo-2044434.jpeg?auto=compress&cs=tinysrgb&dpr=2&h=650&w=940,https://images.pexels.com/photos/2115367/pexels-photo-2115367.jpeg?auto=compress&cs=tinysrgb&dpr=2&h=650&w=940,https://images.pexels.com/photos/442579/pexels-photo-442579.jpeg?auto=compress&cs=tinysrgb&w=1260&h=750&dpr=2,https://pixabay.com/get/g4c402f4eddd554a62357f32dc34c72b1e50f297354bdf9d43d263830b2f6d7bd99a5766347c649210a366644ab92258d25a9faae9fa9a8b3c600c02c62d3c680_1280.jpg,https://images.pexels.com/photos/162031/dubai-tower-arab-khalifa-162031.jpeg?auto=compress&cs=tinysrgb&dpr=2&h=650&w=940,"cities of superlatives offering luxury shopping, modern architecture, and desert adventures."
Morocco,Marrakech,https://images.pexels.com/photos/4502967/pexels-photo-4502967.jpeg?auto=compress&cs=tinysrgb&dpr=2&h=650&w=940,https://images.pexels.com/photos/3889840/pexels-photo-3889840.jpeg?auto=compress&cs=tinysrgb&dpr=2&h=650&w=940,https://pixabay.com/get/g1e67d5ab15c9babe495b89b91355de73af9086b6b255f7efbbf806b6097c39cdfbb22e6de0f5f117422cadc41161372927533f3e33c36494b713ce65bbd777c7_1280.jpg,https://pixabay.com/get/gd468a057be7b41bd6cabb96d9e908ae38fa79544a26f9dc1cb5ebfabbd30cefb2ee036f1e313034a455cab7e622279b3529242484e74856135a9e7d06eb82900_1280.jpg,https://images.pexels.com/photos/3889843/pexels-photo-3889843.jpeg?auto=compress&cs=tinysrgb&dpr=2&h=650&w=940,Vibrant markets and historic palaces offering an immersive cultural experience.
Saudi Arabia,Riyadh,https://images.pexels.com/photos/68358/pexels-photo-68358.jpeg?auto=compress&cs=tinysrgb&dpr=2&h=650&w=940,https://images.pexels.com/photos/4627279/pexels-photo-4627279.jpeg?auto=compress&cs=tinysrgb&dpr=2&h=650&w=940,https://pixabay.com/get/ga12527555c856b218832c284b6084d7ec520eb9170e6d1b77097fd0ac096c02d60be9164e45b82d79de82abccb3de44ad26267651f9f237cc6059826a3145841_1280.jpg,https://pixabay.com/get/gaf872682b70b6b4342dd17c187ae05ed59b67617dc0cc07644db5c821e84f217b77153c873d0b748ac1c3e64c69fffc03f878844a64aaaa62876d3d14eb5525d_1280.jpg,https://images.pexels.com/photos/1885719/pexels-photo-1885719.jpeg?auto=compress&cs=tinysrgb&dpr=2&h=650&w=940,"Blending tradition and modernity, offering rich cultural experiences and historic sites."
Austria,Vienna,https://images.pexels.com/photos/161074/vienna-st-charles-s-church-downtown-church-161074.jpeg?auto=compress&cs=tinysrgb&dpr=2&h=650&w=940,https://images.pexels.com/photos/208360/pexels-photo-208360.jpeg?auto=compress&cs=tinysrgb&dpr=2&h=650&w=940,https://pixabay.com/get/g67d328cfc40c5d2ae59f42a45e7639741a5269ecff2c6c218c348d14bb9fe98bf1bf24727de8bfbddfc415f1eb2acfec9409763ccb5c9c2547f6aaa24fbcd016_1280.jpg,https://pixabay.com/get/gcd0a3e6b547ea71a4cba7eb80ebe3f8b108a0437b8edf95fc143a5424a9603a1beb082fcd93b42acaa817ee4f4737ceeca2119b7917e27b3fc78eb6238f8857c_1280.jpg,https://images.pexels.com/photos/2351425/pexels-photo-2351425.jpeg?auto=compress&cs=tinysrgb&dpr=2&h=650&w=940,Classical music and grand architecture offering a rich cultural heritage.
Belgium,Brussels,https://images.pexels.com/photos/2587789/pexels-photo-2587789.jpeg?auto=compress&cs=tinysrgb&dpr=2&h=650&w=940,https://images.pexels.com/photos/1553309/pexels-photo-1553309.jpeg?auto=compress&cs=tinysrgb&dpr=2&h=650&w=940,https://pixabay.com/get/gc1402c69a671cce4483c31174a3674d870d91ae78185f5a2ee3a9b69d6f67aeea158bb8c072cfd4a248a39123f7a470f0142fe417b15d86b425456dea283ca06_1280.jpg,https://pixabay.com/get/g4a7aabf71d79876bcaf038504a6b4c0585ceb1145b5d2437fd69dd1c0e48cdb317429febdea8da8ff688678314b52c88e080193aafdd4957fd7eef931f0c91f6_1280.jpg,https://images.pexels.com/photos/2587789/pexels-photo-2587789.jpeg?auto=compress&cs=tinysrgb&w=1260&h=750&dpr=2,"Known for cuisine and cultural diversity, offering a mix of historical and modern attractions."
Czech Republic,Prague,https://images.pexels.com/photos/1269805/pexels-photo-1269805.jpeg?auto=compress&cs=tinysrgb&dpr=2&h=650&w=940,https://images.pexels.com/photos/753337/pexels-photo-753337.jpeg?auto=compress&cs=tinysrgb&dpr=2&h=650&w=940,https://pixabay.com/get/gc7b6589a3f5ef435c01b391268449a5ce73eaadd39071ef04bc2f5fc11cf7a1625362a7b513e264c1975d526f1d1c1479642ecf1d98cab17c7cff2a577aac426_1280.jpg,https://pixabay.com/get/g146e13670c2bf1c66407d8295bdc74622e640bba90af1c25f46f812dbcc819f3dadd7ca6e8774ee64713280522f155eab53f402c2d3557594a1e163eed76f56f_1280.jpg,https://images.pexels.com/photos/126292/pexels-photo-126292.jpeg?auto=compress&cs=tinysrgb&dpr=2&h=650&w=940,Fairy-tale gothic architecture and cultural landmarks offering a rich cultural experience.
Hungary,Budapest,https://images.pexels.com/photos/2350351/pexels-photo-2350351.jpeg?auto=compress&cs=tinysrgb&dpr=2&h=650&w=940,https://images.pexels.com/photos/696288/pexels-photo-696288.jpeg?auto=compress&cs=tinysrgb&dpr=2&h=650&w=940,https://pixabay.com/get/g48bbdfee8fc55fe58fc1f46aa3a01bb3f016ea270cdd597170ede6cc38bc091a3f9c89b25886e574230d0066609f173e_1280.jpg,https://pixabay.com/get/gad83425664a678e297aab15b4a7ab3537d630ded0c974f9947a6d53dc0ed12187ea68b5d9e0e88fe11c64b7d1b94d7fa632667ac73ec6363348a820daa04d3d8_1280.jpg,https://images.pexels.com/photos/732057/pexels-photo-732057.jpeg?auto=compress&cs=tinysrgb&dpr=2&h=650&w=940,Thermal baths and historic grandeur offering a vibrant cultural scene.
Poland,Krakow,https://images.pexels.com/photos/971512/pexels-photo-971512.jpeg?auto=compress&cs=tinysrgb&dpr=2&h=650&w=940,https://images.pexels.com/photos/971614/pexels-photo-971614.jpeg?auto=compress&cs=tinysrgb&dpr=2&h=650&w=940,https://pixabay.com/get/g41e1bac37cf05ce250ffb77be1212d140c74ddf5b021524df72bf6ec44b5eb657427f9f51a0c7acd4ad4b7e70230fd1303d085d148f1455cf9862af482e5e73c_1280.jpg,https://pixabay.com/get/gf9a0c77a5bb488dfbe750a981e9b427a9d6e958f7d87f444f65b854adf89571e3ea99a6e02e80193d7c86b972c9637c7e66a0e46c462d97c8e7bbb32aaf1ef15_1280.jpg,https://images.pexels.com/photos/46273/pexels-photo-46273.jpeg?auto=compress&cs=tinysrgb&dpr=2&h=650&w=940,Medieval charm and cultural heritage offering a rich historical experience.
Finland,Helsinki,https://images.pexels.com/photos/3243241/pexels-photo-3243241.jpeg?auto=compress&cs=tinysrgb&dpr=2&h=650&w=940,https://images.pexels.com/photos/2567957/pexels-photo-2567957.jpeg?auto=compress&cs=tinysrgb&dpr=2&h=650&w=940,https://pixabay.com/get/geba949f799fd8a47da63ab4ee2edbf33098bf35f628cf60ac52d36898efb314312bb1ee3c984812ad8043ffc172077eb701a95b64ab1a2a1574e320ee9286937_1280.jpg,https://pixabay.com/get/g76acf3cffa7791c6ddefa477503a39df29eb5e20ebc623b7bde41ca7e6fe1bf1eaf13bfe07d6b7f75eabc5146842583e96ba05ba5a2415968b3b157df41db630_1280.jpg,https://images.pexels.com/photos/16085560/pexels-photo-16085560/free-photo-of-christmas-lights-hanging-over-tram-on-street-in-helsinki-finland.jpeg?auto=compress&cs=tinysrgb&w=1260&h=750&dpr=2,Design and nature offering a unique blend of urban sophistication and scenic beauty.
Ireland,Dublin,https://images.pexels.com/photos/1208781/pexels-photo-1208781.jpeg?auto=compress&cs=tinysrgb&dpr=2&h=650&w=940,https://images.pexels.com/photos/2416653/pexels-photo-2416653.jpeg?auto=compress&cs=tinysrgb&dpr=2&h=650&w=940,https://pixabay.com/get/gc1fb5c0bc73ff7e71003912e4083e2246dc790fcfadd203d84abe9a418e6eb92cd0ed6e3c3afa45c69f68f3fb702b518f5203451a5b1aace76b32be5eb0c7c6f_1280.jpg,https://pixabay.com/get/g88fa4ed1e1ebc84b6ef0d195123cd815c61b291da5534dcd41993afd0b71c4351a609493aac43f301ca2c00a7a2ce5d17e5ac040358b8d3400c0ebffcbc5533d_1280.jpg,https://images.pexels.com/photos/1650882/pexels-photo-1650882.jpeg?auto=compress&cs=tinysrgb&dpr=2&h=650&w=940,Literary legends and vibrant pub culture offering a rich cultural experience.
Croatia,Dubrovnik,https://images.pexels.com/photos/2473470/pexels-photo-2473470.jpeg?auto=compress&cs=tinysrgb&dpr=2&h=650&w=940,https://images.pexels.com/photos/3566139/pexels-photo-3566139.jpeg?auto=compress&cs=tinysrgb&dpr=2&h=650&w=940,https://pixabay.com/get/g0274681529d8bd32ca673097198a598ab2d17c0509b7c748fef4edecabc1c735068f68ffb1f3077e4cea0cf5071fe1d806f231ce6537ffa15d662c6f84b81108_1280.jpg,https://pixabay.com/get/ga712743de9b77e9200755575662c3ff9388da5bd08e1b8cbe220d7047024340be0546d47f6f570f14d84d7ba59242587bbdc31b9b92cdfd61b75f9202fec4264_1280.jpg,https://images.pexels.com/photos/580897/pexels-photo-580897.jpeg?auto=compress&cs=tinysrgb&dpr=2&h=650&w=940,Coastal gem with stunning views and relaxation opportunities offering a blend of history and beauty.
Israel,Tel Aviv,https://pixabay.com/get/g9dad5a2dc6aebacff6d236cd3e11a09fcb05522240b51946f8188c6e83db0e03ebfdb27e386d7047e87aeab92599134e8015757cb5efdf91be38cd76984c9b69_1280.jpg,https://images.pexels.com/photos/4038272/pexels-photo-4038272.jpeg?auto=compress&cs=tinysrgb&dpr=2&h=650&w=940,https://pixabay.com/get/gd43de7f66c6d53292fb240311f84ba1c0a0ff85a9cbc881866ce3c605479163ab177cbc504037b40bbb21703b600447106b0fedab93071e5ebd5a3b2977bc4ea_1280.jpg,https://pixabay.com/get/g354ae82cbb27ed165172437958a51546f0fecc50017a97ca12b3c9edf4d0f1bc48923ac03e73be35fe126b02921e90f3465eaf01c03ac49fd0747c2627fd7f12_1280.jpg,https://images.pexels.com/photos/24902866/pexels-photo-24902866.jpeg?auto=compress&cs=tinysrgb&dpr=2&h=650&w=940,Modern cities with a vibrant cultural scene offering diverse culinary traditions and beaches relaxation.
Cuba,Havana,https://images.pexels.com/photos/2262628/pexels-photo-2262628.jpeg?auto=compress&cs=tinysrgb&dpr=2&h=650&w=940,https://images.pexels.com/photos/3182452/pexels-photo-3182452.jpeg?auto=compress&cs=tinysrgb&dpr=2&h=650&w=940,https://pixabay.com/get/g46bc37696a4abf0b82d93ee2b8dfd1ccbd3bf776f94e83f389b8cf23305e995862dcd4c69525522c8e6264544a1032227647ef4525933b98a09781221900760f_1280.jpg,https://pixabay.com/get/gb2b99439b209e883feff7d0c9b5fafc543fb53cbbdca3824344e0d54fc07772da904fb3c31ea567a6bd70fbb0539591eea9995ff0ed32b3408ca93300f0e5bc8_1280.jpg,https://images.pexels.com/photos/1845870/pexels-photo-1845870.jpeg?auto=compress&cs=tinysrgb&dpr=2&h=650&w=940,"Frozen in time, offering a unique blend of colonial architecture and vibrant culture."
Philippines,Manila,https://images.pexels.com/photos/1098322/pexels-photo-1098322.jpeg?auto=compress&cs=tinysrgb&dpr=2&h=650&w=940,https://images.pexels.com/photos/9656533/pexels-photo-9656533.jpeg?auto=compress&cs=tinysrgb&w=1260&h=750&dpr=2,https://pixabay.com/get/ge59945572b9073b9789e8aee6675767cad0e6529852fee0df05ca76a4e406b4ecd817db24660d3407be9534d6ac78d99821be92260d65dd8e2369d7bf72e1c79_1280.jpg,https://pixabay.com/get/g25d34ed6538be56d635898e82ae57f72ae464ffaba57b8f347a1b45e15e5ce07f3957c92daf5568fe40617d44c4decef186b3baf999d4f6d44e1b4aa4780b5a5_1280.jpg,https://images.pexels.com/photos/2604843/pexels-photo-2604843.jpeg?auto=compress&cs=tinysrgb&dpr=2&h=650&w=940,Bustling cities with a rich history offering a vibrant dining scene and relaxation opportunities.
Kenya,Nairobi,https://images.pexels.com/photos/9833512/pexels-photo-9833512.jpeg?auto=compress&cs=tinysrgb&dpr=2&h=650&w=940,https://images.pexels.com/photos/13575178/pexels-photo-13575178.jpeg?auto=compress&cs=tinysrgb&dpr=2&h=650&w=940,https://pixabay.com/get/g82fb45cde790dc2ec26fdf15c53adcd84a115fcfc3e0d7b1f9191b0d42b12e2f9c783921d717f006ad2f372d027eef2eb40479d5824595ed37bc80a8a11b7a82_1280.jpg,https://pixabay.com/get/g187ec7c9c68751aa8175561872b405585390fbf93eeb9c21f667afde0cb10a63c28b3dfc30461b25aa8650145908a783f55eb2c9a12ee93762ee44fe8aea881e_1280.jpg,https://images.pexels.com/photos/9833516/pexels-photo-9833516.jpeg?auto=compress&cs=tinysrgb&w=1260&h=750&dpr=2,Gateway to safari adventures offering rich wildlife experiences and stunning landscapes.
Switzerland,Interlaken,https://images.pexels.com/photos/2026452/pexels-photo-2026452.jpeg?auto=compress&cs=tinysrgb&dpr=2&h=650&w=940,https://images.pexels.com/photos/720329/pexels-photo-720329.jpeg?auto=compress&cs=tinysrgb&dpr=2&h=650&w=940,https://images.pexels.com/photos/24592782/pexels-photo-24592782.jpeg?auto=compress&cs=tinysrgb&dpr=2&h=650&w=940,https://images.pexels.com/photos/1122413/pexels-photo-1122413.jpeg?auto=compress&cs=tinysrgb&dpr=2&h=650&w=940,https://images.pexels.com/photos/2026454/pexels-photo-2026454.jpeg?auto=compress&cs=tinysrgb&w=1260&h=750&dpr=2,"Nestled between two stunning alpine lakes, Interlaken is a paradise for outdoor enthusiasts and adventure seekers, offering breathtaking mountain views and a range of activities from hiking to paragliding."
